corpus,model,tier,query_format,n_docs,B,delta_full,correct,p_correct,ci_lo,ci_hi
er_reason,BERT-base-uncased,2,nl,10,500,0.08657142857142859,380,0.76,0.7206724477826185,0.7953627505813117
er_reason,BERT-base-uncased,2,nl,20,500,0.08657142857142859,456,0.912,0.8839229514479334,0.9337943628826022
er_reason,BERT-base-uncased,2,nl,30,500,0.08657142857142859,475,0.95,0.9272313499731688,0.965906493349018
er_reason,BERT-base-uncased,2,nl,50,500,0.08657142857142859,493,0.986,0.9713865738597492,0.9932022969282127
er_reason,BERT-base-uncased,2,nl,75,500,0.08657142857142859,500,1.0,0.9923753814690964,0.9999999999999999
er_reason,BERT-base-uncased,2,keyword,10,500,0.10138888888888895,402,0.804,0.7669417867660043,0.8364224451672065
er_reason,BERT-base-uncased,2,keyword,20,500,0.10138888888888895,468,0.936,0.9110470662066095,0.954304266434443
er_reason,BERT-base-uncased,2,keyword,30,500,0.10138888888888895,488,0.976,0.9585225403081018,0.9862188228504781
er_reason,BERT-base-uncased,2,keyword,50,500,0.10138888888888895,499,0.998,0.9887590072528046,0.9996468726904154
er_reason,BERT-base-uncased,2,keyword,75,500,0.10138888888888895,500,1.0,0.9923753814690964,0.9999999999999999
er_reason,BGE-base,1,nl,10,500,-0.14096031746031734,123,0.246,0.2102803738317757,0.2855929323819232
er_reason,BGE-base,1,nl,20,500,-0.14096031746031734,274,0.548,0.5041745952330335,0.5910934413879999
er_reason,BGE-base,1,nl,30,500,-0.14096031746031734,412,0.824,0.788185127237469,0.8548741199545055
er_reason,BGE-base,1,nl,50,500,-0.14096031746031734,490,0.98,0.9635794314459021,0.9891009347644306
er_reason,BGE-base,1,nl,75,500,-0.14096031746031734,500,1.0,0.9923753814690964,0.9999999999999999
er_reason,BGE-base,1,keyword,10,500,-0.0953611111111109,142,0.284,0.24623711212056168,0.32505672308478845
er_reason,BGE-base,1,keyword,20,500,-0.0953611111111109,304,0.608,0.5645397124401949,0.6498133699571299
er_reason,BGE-base,1,keyword,30,500,-0.0953611111111109,363,0.726,0.6852936486809578,0.7632600237430738
er_reason,BGE-base,1,keyword,50,500,-0.0953611111111109,438,0.876,0.8442119499943469,0.9020543368704138
er_reason,BGE-base,1,keyword,75,500,-0.0953611111111109,493,0.986,0.9713865738597492,0.9932022969282127
er_reason,BioBERT,2,nl,10,500,0.17075000000000007,400,0.8,0.7627101702740526,0.8327150586074055
er_reason,BioBERT,2,nl,20,500,0.17075000000000007,463,0.926,0.8996646988891734,0.945839126122497
er_reason,BioBERT,2,nl,30,500,0.17075000000000007,496,0.992,0.9796126401630988,0.9968847352024922
er_reason,BioBERT,2,nl,50,500,0.17075000000000007,500,1.0,0.9923753814690964,0.9999999999999999
er_reason,BioBERT,2,nl,75,500,0.17075000000000007,500,1.0,0.9923753814690964,0.9999999999999999
er_reason,BioBERT,2,keyword,10,500,0.18063095238095236,399,0.798,0.7605963875890438,0.8308593397665378
er_reason,BioBERT,2,keyword,20,500,0.18063095238095236,484,0.968,0.9486546984063574,0.980208658648717
er_reason,BioBERT,2,keyword,30,500,0.18063095238095236,498,0.996,0.9855339859585811,0.9989023924587627
er_reason,BioBERT,2,keyword,50,500,0.18063095238095236,500,1.0,0.9923753814690964,0.9999999999999999
er_reason,BioBERT,2,keyword,75,500,0.18063095238095236,500,1.0,0.9923753814690964,0.9999999999999999
er_reason,BioLORD-2023,1,nl,10,500,-0.20713888888888876,247,0.494,0.4503893365060508,0.5377021589163201
er_reason,BioLORD-2023,1,nl,20,500,-0.20713888888888876,431,0.862,0.8289973296731233,0.8894824465105026
er_reason,BioLORD-2023,1,nl,30,500,-0.20713888888888876,485,0.97,0.9510959078150344,0.9817369507659165
er_reason,BioLORD-2023,1,nl,50,500,-0.20713888888888876,500,1.0,0.9923753814690964,0.9999999999999999
er_reason,BioLORD-2023,1,nl,75,500,-0.20713888888888876,500,1.0,0.9923753814690964,0.9999999999999999
er_reason,BioLORD-2023,1,keyword,10,500,-0.13153968253968246,311,0.622,0.5787196479091447,0.6634199451693149
er_reason,BioLORD-2023,1,keyword,20,500,-0.13153968253968246,392,0.784,0.7458363816926995,0.8178328349817475
er_reason,BioLORD-2023,1,keyword,30,500,-0.13153968253968246,441,0.882,0.8507673840349824,0.9074074074074073
er_reason,BioLORD-2023,1,keyword,50,500,-0.13153968253968246,481,0.962,0.9414147746007343,0.9755400778767108
er_reason,BioLORD-2023,1,keyword,75,500,-0.13153968253968246,500,1.0,0.9923753814690964,0.9999999999999999
er_reason,BioMistral-7B,2,nl,10,500,0.21408730158730158,300,0.6,0.5564533144716549,0.6420217618221643
er_reason,BioMistral-7B,2,nl,20,500,0.21408730158730158,402,0.804,0.7669417867660043,0.8364224451672065
er_reason,BioMistral-7B,2,nl,30,500,0.21408730158730158,474,0.948,0.9248983617059371,0.9642699800903735
er_reason,BioMistral-7B,2,nl,50,500,0.21408730158730158,499,0.998,0.9887590072528046,0.9996468726904154
er_reason,BioMistral-7B,2,nl,75,500,0.21408730158730158,500,1.0,0.9923753814690964,0.9999999999999999
er_reason,BioMistral-7B,2,keyword,10,500,0.11133333333333328,287,0.574,0.5302533678298271,0.616618188627599
er_reason,BioMistral-7B,2,keyword,20,500,0.11133333333333328,382,0.764,0.7248548911970089,0.7991193102186741
er_reason,BioMistral-7B,2,keyword,30,500,0.11133333333333328,446,0.892,0.8617447145307382,0.9162775845410336
er_reason,BioMistral-7B,2,keyword,50,500,0.11133333333333328,489,0.978,0.9610387448516022,0.9876721198328542
er_reason,BioMistral-7B,2,keyword,75,500,0.11133333333333328,500,1.0,0.9923753814690964,0.9999999999999999
er_reason,ClinicalBERT,2,nl,10,500,0.08685714285714285,368,0.736,0.6956683729184137,0.7727328071349999
er_reason,ClinicalBERT,2,nl,20,500,0.08685714285714285,452,0.904,0.8750124461326017,0.9268268620944284
er_reason,ClinicalBERT,2,nl,30,500,0.08685714285714285,489,0.978,0.9610387448516022,0.9876721198328542
er_reason,ClinicalBERT,2,nl,50,500,0.08685714285714285,496,0.992,0.9796126401630988,0.9968847352024922
er_reason,ClinicalBERT,2,nl,75,500,0.08685714285714285,500,1.0,0.9923753814690964,0.9999999999999999
er_reason,ClinicalBERT,2,keyword,10,500,0.14947619047619043,347,0.694,0.6522544304326852,0.7327872175773242
er_reason,ClinicalBERT,2,keyword,20,500,0.14947619047619043,448,0.896,0.8661551236448682,0.9198061784786563
er_reason,ClinicalBERT,2,keyword,30,500,0.14947619047619043,493,0.986,0.9713865738597492,0.9932022969282127
er_reason,ClinicalBERT,2,keyword,50,500,0.14947619047619043,500,1.0,0.9923753814690964,0.9999999999999999
er_reason,ClinicalBERT,2,keyword,75,500,0.14947619047619043,500,1.0,0.9923753814690964,0.9999999999999999
er_reason,E5-Mistral-7B,2,nl,10,500,0.050357142857142836,416,0.832,0.7967249779380424,0.8622122753574376
er_reason,E5-Mistral-7B,2,nl,20,500,0.050357142857142836,474,0.948,0.9248983617059371,0.9642699800903735
er_reason,E5-Mistral-7B,2,nl,30,500,0.050357142857142836,477,0.954,0.9319217297737272,0.9691551166002124
er_reason,E5-Mistral-7B,2,nl,50,500,0.050357142857142836,480,0.96,0.9390259449029252,0.9739594060486436
er_reason,E5-Mistral-7B,2,nl,75,500,0.050357142857142836,486,0.972,0.9535531794154484,0.9832491806913788
er_reason,E5-Mistral-7B,2,keyword,10,500,0.08774603174603174,338,0.676,0.6337707190597581,0.7155454152173639
er_reason,E5-Mistral-7B,2,keyword,20,500,0.08774603174603174,460,0.92,0.8928931229079627,0.9407021975260784
er_reason,E5-Mistral-7B,2,keyword,30,500,0.08774603174603174,487,0.974,0.9560280989556288,0.9847437626770749
er_reason,E5-Mistral-7B,2,keyword,50,500,0.08774603174603174,500,1.0,0.9923753814690964,0.9999999999999999
er_reason,E5-Mistral-7B,2,keyword,75,500,0.08774603174603174,500,1.0,0.9923753814690964,0.9999999999999999
er_reason,E5-Mistral-7B-ablation,2,nl,10,500,0.173,299,0.598,0.5544335612927798,0.6400720134751632
er_reason,E5-Mistral-7B-ablation,2,nl,20,500,0.173,381,0.762,0.7227631109081946,0.7972415889816121
er_reason,E5-Mistral-7B-ablation,2,nl,30,500,0.173,410,0.82,0.7839246244600844,0.8511956196801373
er_reason,E5-Mistral-7B-ablation,2,nl,50,500,0.173,443,0.886,0.8551502882823536,0.9109635062117889
er_reason,E5-Mistral-7B-ablation,2,nl,75,500,0.173,480,0.96,0.9390259449029252,0.9739594060486436
er_reason,E5-Mistral-7B-ablation,2,keyword,10,500,0.17461904761904767,309,0.618,0.5746644739023564,0.6595361161243504
er_reason,E5-Mistral-7B-ablation,2,keyword,20,500,0.17461904761904767,361,0.722,0.6811506232701695,0.7594640461021093
er_reason,E5-Mistral-7B-ablation,2,keyword,30,500,0.17461904761904767,382,0.764,0.7248548911970089,0.7991193102186741
er_reason,E5-Mistral-7B-ablation,2,keyword,50,500,0.17461904761904767,448,0.896,0.8661551236448682,0.9198061784786563
er_reason,E5-Mistral-7B-ablation,2,keyword,75,500,0.17461904761904767,499,0.998,0.9887590072528046,0.9996468726904154
er_reason,GTE-base,1,nl,10,500,-0.09252777777777788,135,0.27,0.23294789408557773,0.3105594304386379
er_reason,GTE-base,1,nl,20,500,-0.09252777777777788,301,0.602,0.5584738043043082,0.6439707735153876
er_reason,GTE-base,1,nl,30,500,-0.09252777777777788,403,0.806,0.7690596512561212,0.838274082202966
er_reason,GTE-base,1,nl,50,500,-0.09252777777777788,484,0.968,0.9486546984063574,0.980208658648717
er_reason,GTE-base,1,nl,75,500,-0.09252777777777788,500,1.0,0.9923753814690964,0.9999999999999999
er_reason,GTE-base,1,keyword,10,500,-0.08634523809523809,173,0.346,0.3056205162688996,0.3887278662386186
er_reason,GTE-base,1,keyword,20,500,-0.08634523809523809,322,0.644,0.6010779467373235,0.6847261631257764
er_reason,GTE-base,1,keyword,30,500,-0.08634523809523809,364,0.728,0.6873666188831685,0.7651565550667395
er_reason,GTE-base,1,keyword,50,500,-0.08634523809523809,425,0.85,0.8160382472597502,0.8786245197686174
er_reason,GTE-base,1,keyword,75,500,-0.08634523809523809,494,0.988,0.9740692922810136,0.9944890800328247
er_reason,MedCPT,1,nl,10,500,-0.15522222222222215,151,0.302,0.26339087332996447,0.34362847560827325
er_reason,MedCPT,1,nl,20,500,-0.15522222222222215,208,0.416,0.37359670506840015,0.4596842308447916
er_reason,MedCPT,1,nl,30,500,-0.15522222222222215,236,0.472,0.4286219475993197,0.5158050310384108
er_reason,MedCPT,1,nl,50,500,-0.15522222222222215,312,0.624,0.5807483730601202,0.6653607215442159
er_reason,MedCPT,1,nl,75,500,-0.15522222222222215,476,0.952,0.9295723199393156,0.9675350249087478
er_reason,MedCPT,1,keyword,10,500,-0.21621428571428564,181,0.362,0.32107531661676714,0.4050290780977621
er_reason,MedCPT,1,keyword,20,500,-0.21621428571428564,342,0.684,0.641977078070737,0.7232170623098906
er_reason,MedCPT,1,keyword,30,500,-0.21621428571428564,422,0.844,0.8095845658230334,0.8731696966277049
er_reason,MedCPT,1,keyword,50,500,-0.21621428571428564,499,0.998,0.9887590072528046,0.9996468726904154
er_reason,MedCPT,1,keyword,75,500,-0.21621428571428564,500,1.0,0.9923753814690964,0.9999999999999999
er_reason,Nomic-embed-text,1,nl,10,500,-0.07850000000000001,121,0.242,0.20651719550386513,0.28141710765808103
er_reason,Nomic-embed-text,1,nl,20,500,-0.07850000000000001,267,0.534,0.4901815185143591,0.5773000074255396
er_reason,Nomic-embed-text,1,nl,30,500,-0.07850000000000001,355,0.71,0.6687444142064393,0.7480532460105812
er_reason,Nomic-embed-text,1,nl,50,500,-0.07850000000000001,462,0.924,0.8974030342199025,0.9441312892658914
er_reason,Nomic-embed-text,1,nl,75,500,-0.07850000000000001,500,1.0,0.9923753814690964,0.9999999999999999
er_reason,Nomic-embed-text,1,keyword,10,500,-0.09582936507936501,167,0.334,0.2940631065718404,0.37646826678041956
er_reason,Nomic-embed-text,1,keyword,20,500,-0.09582936507936501,316,0.632,0.5888709172413829,0.6731161834664587
er_reason,Nomic-embed-text,1,keyword,30,500,-0.09582936507936501,404,0.808,0.7711789076945584,0.8401243272904052
er_reason,Nomic-embed-text,1,keyword,50,500,-0.09582936507936501,472,0.944,0.9202547013596158,0.9609746373849419
er_reason,Nomic-embed-text,1,keyword,75,500,-0.09582936507936501,500,1.0,0.9923753814690964,0.9999999999999999
er_reason,Nomic-embed-text-nopfx,1,nl,10,500,-0.2270476190476189,110,0.22,0.1859003473955845,0.2583694389817214
er_reason,Nomic-embed-text-nopfx,1,nl,20,500,-0.2270476190476189,179,0.358,0.3172068787655445,0.400958512897232
er_reason,Nomic-embed-text-nopfx,1,nl,30,500,-0.2270476190476189,313,0.626,0.582777860120605,0.6673007360096074
er_reason,Nomic-embed-text-nopfx,1,nl,50,500,-0.2270476190476189,439,0.878,0.8463946427702861,0.9038411456203509
er_reason,Nomic-embed-text-nopfx,1,nl,75,500,-0.2270476190476189,499,0.998,0.9887590072528046,0.9996468726904154
er_reason,Nomic-embed-text-nopfx,1,keyword,10,500,-0.10889285714285701,166,0.332,0.2921397376306511,0.3744221341957325
er_reason,Nomic-embed-text-nopfx,1,keyword,20,500,-0.10889285714285701,293,0.586,0.5423304138904992,0.6283581517221855
er_reason,Nomic-embed-text-nopfx,1,keyword,30,500,-0.10889285714285701,388,0.776,0.737429591400892,0.8103616191700495
er_reason,Nomic-embed-text-nopfx,1,keyword,50,500,-0.10889285714285701,489,0.978,0.9610387448516022,0.9876721198328542
er_reason,Nomic-embed-text-nopfx,1,keyword,75,500,-0.10889285714285701,500,1.0,0.9923753814690964,0.9999999999999999
er_reason,Phi-3-mini,2,nl,10,500,0.23172619047619047,351,0.702,0.6604921922645164,0.7404274618489985
er_reason,Phi-3-mini,2,nl,20,500,0.23172619047619047,425,0.85,0.8160382472597502,0.8786245197686174
er_reason,Phi-3-mini,2,nl,30,500,0.23172619047619047,474,0.948,0.9248983617059371,0.9642699800903735
er_reason,Phi-3-mini,2,nl,50,500,0.23172619047619047,498,0.996,0.9855339859585811,0.9989023924587627
er_reason,Phi-3-mini,2,nl,75,500,0.23172619047619047,500,1.0,0.9923753814690964,0.9999999999999999
er_reason,Phi-3-mini,2,keyword,10,500,0.26166269841269846,373,0.746,0.7060683153605514,0.7821803723222442
er_reason,Phi-3-mini,2,keyword,20,500,0.26166269841269846,474,0.948,0.9248983617059371,0.9642699800903735
er_reason,Phi-3-mini,2,keyword,30,500,0.26166269841269846,491,0.982,0.9661479527879661,0.9905019149482431
er_reason,Phi-3-mini,2,keyword,50,500,0.26166269841269846,500,1.0,0.9923753814690964,0.9999999999999999
er_reason,Phi-3-mini,2,keyword,75,500,0.26166269841269846,500,1.0,0.9923753814690964,0.9999999999999999
mimic_discharge,BERT-base-uncased,2,nl,10,500,0.02398809523809524,320,0.64,0.5970058131108227,0.6808592937005244
mimic_discharge,BERT-base-uncased,2,nl,20,500,0.02398809523809524,363,0.726,0.6852936486809578,0.7632600237430738
mimic_discharge,BERT-base-uncased,2,nl,30,500,0.02398809523809524,408,0.816,0.7796701866722183,0.8475110544162506
mimic_discharge,BERT-base-uncased,2,nl,50,500,0.02398809523809524,460,0.92,0.8928931229079627,0.9407021975260784
mimic_discharge,BERT-base-uncased,2,nl,75,500,0.02398809523809524,479,0.958,0.9366479487604386,0.9723679006652538
mimic_discharge,BERT-base-uncased,2,keyword,10,500,0.09337698412698409,313,0.626,0.582777860120605,0.6673007360096074
mimic_discharge,BERT-base-uncased,2,keyword,20,500,0.09337698412698409,408,0.816,0.7796701866722183,0.8475110544162506
mimic_discharge,BERT-base-uncased,2,keyword,30,500,0.09337698412698409,466,0.932,0.9064785429161282,0.9509337866731715
mimic_discharge,BERT-base-uncased,2,keyword,50,500,0.09337698412698409,492,0.984,0.9687485245822888,0.9918708446797967
mimic_discharge,BERT-base-uncased,2,keyword,75,500,0.09337698412698409,500,1.0,0.9923753814690964,0.9999999999999999
mimic_discharge,BGE-base,1,nl,10,500,-0.06066666666666698,103,0.206,0.17285607517585092,0.24362720052032025
mimic_discharge,BGE-base,1,nl,20,500,-0.06066666666666698,194,0.388,0.34629528411824795,0.4314126304326744
mimic_discharge,BGE-base,1,nl,30,500,-0.06066666666666698,252,0.504,0.4603113571655595,0.5476276458861933
mimic_discharge,BGE-base,1,nl,50,500,-0.06066666666666698,372,0.744,0.7039862648123214,0.7802929213445977
mimic_discharge,BGE-base,1,nl,75,500,-0.06066666666666698,489,0.978,0.9610387448516022,0.9876721198328542
mimic_discharge,BGE-base,1,keyword,10,500,-0.030333333333333323,136,0.272,0.2348434449332605,0.3126333811168315
mimic_discharge,BGE-base,1,keyword,20,500,-0.030333333333333323,271,0.542,0.4981733601090301,0.5851861719343742
mimic_discharge,BGE-base,1,keyword,30,500,-0.030333333333333323,330,0.66,0.617398269756609,0.7001618523135019
mimic_discharge,BGE-base,1,keyword,50,500,-0.030333333333333323,405,0.81,0.7732995724391238,0.8419731640717161
mimic_discharge,BGE-base,1,keyword,75,500,-0.030333333333333323,473,0.946,0.9225729387555679,0.9626259015148662
mimic_discharge,BioBERT,2,nl,10,500,0.13282936507936507,358,0.716,0.6749432769152115,0.7537628878794382
mimic_discharge,BioBERT,2,nl,20,500,0.13282936507936507,458,0.916,0.8884001169044927,0.9372562004777957
mimic_discharge,BioBERT,2,nl,30,500,0.13282936507936507,491,0.982,0.9661479527879661,0.9905019149482431
mimic_discharge,BioBERT,2,nl,50,500,0.13282936507936507,498,0.996,0.9855339859585811,0.9989023924587627
mimic_discharge,BioBERT,2,nl,75,500,0.13282936507936507,500,1.0,0.9923753814690964,0.9999999999999999
mimic_discharge,BioBERT,2,keyword,10,500,0.1806825396825396,411,0.822,0.7860541079213073,0.853035637744791
mimic_discharge,BioBERT,2,keyword,20,500,0.1806825396825396,496,0.992,0.9796126401630988,0.9968847352024922
mimic_discharge,BioBERT,2,keyword,30,500,0.1806825396825396,500,1.0,0.9923753814690964,0.9999999999999999
mimic_discharge,BioBERT,2,keyword,50,500,0.1806825396825396,500,1.0,0.9923753814690964,0.9999999999999999
mimic_discharge,BioBERT,2,keyword,75,500,0.1806825396825396,500,1.0,0.9923753814690964,0.9999999999999999
mimic_discharge,BioLORD-2023,1,nl,10,500,-0.08713492063492079,239,0.478,0.43455017112738104,0.5217853120879786
mimic_discharge,BioLORD-2023,1,nl,20,500,-0.08713492063492079,349,0.698,0.6563715243917267,0.7366091266700354
mimic_discharge,BioLORD-2023,1,nl,30,500,-0.08713492063492079,390,0.78,0.7416305610182787,0.8140996526044155
mimic_discharge,BioLORD-2023,1,nl,50,500,-0.08713492063492079,455,0.91,0.8816900083946269,0.9320578044100325
mimic_discharge,BioLORD-2023,1,nl,75,500,-0.08713492063492079,498,0.996,0.9855339859585811,0.9989023924587627
mimic_discharge,BioLORD-2023,1,keyword,10,500,-0.05675000000000019,315,0.63,0.5868391297107901,0.671178469471175
mimic_discharge,BioLORD-2023,1,keyword,20,500,-0.05675000000000019,411,0.822,0.7860541079213073,0.853035637744791
mimic_discharge,BioLORD-2023,1,keyword,30,500,-0.05675000000000019,429,0.858,0.8246696706783865,0.8858711024534867
mimic_discharge,BioLORD-2023,1,keyword,50,500,-0.05675000000000019,479,0.958,0.9366479487604386,0.9723679006652538
mimic_discharge,BioLORD-2023,1,keyword,75,500,-0.05675000000000019,500,1.0,0.9923753814690964,0.9999999999999999
mimic_discharge,BioMistral-7B,2,nl,10,500,0.13072222222222224,318,0.636,0.5929368106752564,0.676989293084338
mimic_discharge,BioMistral-7B,2,nl,20,500,0.13072222222222224,331,0.662,0.6194419387868491,0.7020876848091384
mimic_discharge,BioMistral-7B,2,nl,30,500,0.13072222222222224,401,0.802,0.7648252982841597,0.8345694321231747
mimic_discharge,BioMistral-7B,2,nl,50,500,0.13072222222222224,464,0.928,0.9019310525910869,0.9475422739464601
mimic_discharge,BioMistral-7B,2,nl,75,500,0.13072222222222224,500,1.0,0.9923753814690964,0.9999999999999999
mimic_discharge,BioMistral-7B,2,keyword,10,500,0.17845634920634923,266,0.532,0.48818530469160204,0.5753267197224201
mimic_discharge,BioMistral-7B,2,keyword,20,500,0.17845634920634923,379,0.758,0.7185828923419191,0.7934828044961348
mimic_discharge,BioMistral-7B,2,keyword,30,500,0.17845634920634923,451,0.902,0.8727933541017654,0.9250764525993884
mimic_discharge,BioMistral-7B,2,keyword,50,500,0.17845634920634923,497,0.994,0.9825094361891064,0.9979574407023611
mimic_discharge,BioMistral-7B,2,keyword,75,500,0.17845634920634923,500,1.0,0.9923753814690964,0.9999999999999999
mimic_discharge,ClinicalBERT,2,nl,10,500,0.08770634920634918,296,0.592,0.5483787038455701,0.6342183663447436
mimic_discharge,ClinicalBERT,2,nl,20,500,0.08770634920634918,405,0.81,0.7732995724391238,0.8419731640717161
mimic_discharge,ClinicalBERT,2,nl,30,500,0.08770634920634918,435,0.87,0.8376779926652986,0.8966797896218328
mimic_discharge,ClinicalBERT,2,nl,50,500,0.08770634920634918,489,0.978,0.9610387448516022,0.9876721198328542
mimic_discharge,ClinicalBERT,2,nl,75,500,0.08770634920634918,499,0.998,0.9887590072528046,0.9996468726904154
mimic_discharge,ClinicalBERT,2,keyword,10,500,0.11445634920634923,379,0.758,0.7185828923419191,0.7934828044961348
mimic_discharge,ClinicalBERT,2,keyword,20,500,0.11445634920634923,463,0.926,0.8996646988891734,0.945839126122497
mimic_discharge,ClinicalBERT,2,keyword,30,500,0.11445634920634923,490,0.98,0.9635794314459021,0.9891009347644306
mimic_discharge,ClinicalBERT,2,keyword,50,500,0.11445634920634923,499,0.998,0.9887590072528046,0.9996468726904154
mimic_discharge,ClinicalBERT,2,keyword,75,500,0.11445634920634923,500,1.0,0.9923753814690964,0.9999999999999999
mimic_discharge,E5-Mistral-7B,2,nl,10,500,0.03316269841269842,355,0.71,0.6687444142064393,0.7480532460105812
mimic_discharge,E5-Mistral-7B,2,nl,20,500,0.03316269841269842,418,0.836,0.8010046749760953,0.8658715813711375
mimic_discharge,E5-Mistral-7B,2,nl,30,500,0.03316269841269842,458,0.916,0.8884001169044927,0.9372562004777957
mimic_discharge,E5-Mistral-7B,2,nl,50,500,0.03316269841269842,478,0.956,0.9342800855801577,0.9707662623196583
mimic_discharge,E5-Mistral-7B,2,nl,75,500,0.03316269841269842,494,0.988,0.9740692922810136,0.9944890800328247
mimic_discharge,E5-Mistral-7B,2,keyword,10,500,0.13155555555555554,369,0.738,0.6977463146741062,0.7746243669051839
mimic_discharge,E5-Mistral-7B,2,keyword,20,500,0.13155555555555554,478,0.956,0.9342800855801577,0.9707662623196583
mimic_discharge,E5-Mistral-7B,2,keyword,30,500,0.13155555555555554,499,0.998,0.9887590072528046,0.9996468726904154
mimic_discharge,E5-Mistral-7B,2,keyword,50,500,0.13155555555555554,500,1.0,0.9923753814690964,0.9999999999999999
mimic_discharge,E5-Mistral-7B,2,keyword,75,500,0.13155555555555554,500,1.0,0.9923753814690964,0.9999999999999999
mimic_discharge,E5-Mistral-7B-ablation,2,nl,10,500,0.2741388888888889,366,0.732,0.6915155074925284,0.7689466695091324
mimic_discharge,E5-Mistral-7B-ablation,2,nl,20,500,0.2741388888888889,453,0.906,0.8772348563464386,0.928573953406468
mimic_discharge,E5-Mistral-7B-ablation,2,nl,30,500,0.2741388888888889,480,0.96,0.9390259449029252,0.9739594060486436
mimic_discharge,E5-Mistral-7B-ablation,2,nl,50,500,0.2741388888888889,500,1.0,0.9923753814690964,0.9999999999999999
mimic_discharge,E5-Mistral-7B-ablation,2,nl,75,500,0.2741388888888889,500,1.0,0.9923753814690964,0.9999999999999999
mimic_discharge,E5-Mistral-7B-ablation,2,keyword,10,500,0.16969444444444448,266,0.532,0.48818530469160204,0.5753267197224201
mimic_discharge,E5-Mistral-7B-ablation,2,keyword,20,500,0.16969444444444448,393,0.786,0.7479411410548613,0.819697577145462
mimic_discharge,E5-Mistral-7B-ablation,2,keyword,30,500,0.16969444444444448,435,0.87,0.8376779926652986,0.8966797896218328
mimic_discharge,E5-Mistral-7B-ablation,2,keyword,50,500,0.16969444444444448,489,0.978,0.9610387448516022,0.9876721198328542
mimic_discharge,E5-Mistral-7B-ablation,2,keyword,75,500,0.16969444444444448,500,1.0,0.9923753814690964,0.9999999999999999
mimic_discharge,GTE-base,1,nl,10,500,-0.07093253968253954,93,0.186,0.15433345489426237,0.22245480554314495
mimic_discharge,GTE-base,1,nl,20,500,-0.07093253968253954,254,0.508,0.4642850183794739,0.5515929877240316
mimic_discharge,GTE-base,1,nl,30,500,-0.07093253968253954,309,0.618,0.5746644739023564,0.6595361161243504
mimic_discharge,GTE-base,1,nl,50,500,-0.07093253968253954,444,0.888,0.8573456933034787,0.9127376027165404
mimic_discharge,GTE-base,1,nl,75,500,-0.07093253968253954,495,0.99,0.976806564621235,0.9957213092184797
mimic_discharge,GTE-base,1,keyword,10,500,-0.053404761904761844,149,0.298,0.25957253815100145,0.3395078077354835
mimic_discharge,GTE-base,1,keyword,20,500,-0.053404761904761844,338,0.676,0.6337707190597581,0.7155454152173639
mimic_discharge,GTE-base,1,keyword,30,500,-0.053404761904761844,407,0.814,0.7775451944568551,0.8456665451057376
mimic_discharge,GTE-base,1,keyword,50,500,-0.053404761904761844,461,0.922,0.8951458937794419,0.9424189281804758
mimic_discharge,GTE-base,1,keyword,75,500,-0.053404761904761844,491,0.982,0.9661479527879661,0.9905019149482431
mimic_discharge,MedCPT,1,nl,10,500,-0.06934126984126987,150,0.3,0.26148125649400616,0.3415685909183552
mimic_discharge,MedCPT,1,nl,20,500,-0.06934126984126987,123,0.246,0.2102803738317757,0.2855929323819232
mimic_discharge,MedCPT,1,nl,30,500,-0.06934126984126987,123,0.246,0.2102803738317757,0.2855929323819232
mimic_discharge,MedCPT,1,nl,50,500,-0.06934126984126987,188,0.376,0.33463927845578423,0.41925162693987983
mimic_discharge,MedCPT,1,nl,75,500,-0.06934126984126987,348,0.696,0.6543125331560312,0.7346986163798547
mimic_discharge,MedCPT,1,keyword,10,500,-0.056503968253968084,118,0.236,0.20088068978132578,0.27514510880299115
mimic_discharge,MedCPT,1,keyword,20,500,-0.056503968253968084,199,0.398,0.35602922648461244,0.44152619569569185
mimic_discharge,MedCPT,1,keyword,30,500,-0.056503968253968084,221,0.442,0.39907517838464235,0.4858092773649425
mimic_discharge,MedCPT,1,keyword,50,500,-0.056503968253968084,302,0.604,0.5604950326399137,0.6459190467056583
mimic_discharge,MedCPT,1,keyword,75,500,-0.056503968253968084,448,0.896,0.8661551236448682,0.9198061784786563
mimic_discharge,Nomic-embed-text,1,nl,10,500,-0.08185317460317443,130,0.26,0.22348508910670623,0.3001747277881274
mimic_discharge,Nomic-embed-text,1,nl,20,500,-0.08185317460317443,231,0.462,0.41875551183784954,0.5058239591704992
mimic_discharge,Nomic-embed-text,1,nl,30,500,-0.08185317460317443,282,0.564,0.5202088800086124,0.6068151688194319
mimic_discharge,Nomic-embed-text,1,nl,50,500,-0.08185317460317443,449,0.898,0.8683647750455783,0.9215660286038228
mimic_discharge,Nomic-embed-text,1,nl,75,500,-0.08185317460317443,500,1.0,0.9923753814690964,0.9999999999999999
mimic_discharge,Nomic-embed-text,1,keyword,10,500,-0.085361111111111,115,0.23,0.19525432702175258,0.2688629669849352
mimic_discharge,Nomic-embed-text,1,keyword,20,500,-0.085361111111111,236,0.472,0.4286219475993197,0.5158050310384108
mimic_discharge,Nomic-embed-text,1,keyword,30,500,-0.085361111111111,296,0.592,0.5483787038455701,0.6342183663447436
mimic_discharge,Nomic-embed-text,1,keyword,50,500,-0.085361111111111,413,0.826,0.790317702710052,0.856711046007799
mimic_discharge,Nomic-embed-text,1,keyword,75,500,-0.085361111111111,498,0.996,0.9855339859585811,0.9989023924587627
mimic_discharge,Nomic-embed-text-nopfx,1,nl,10,500,-0.08447619047619048,125,0.25,0.21404787416427032,0.28976443510118144
mimic_discharge,Nomic-embed-text-nopfx,1,nl,20,500,-0.08447619047619048,245,0.49,0.4464253815391932,0.5337271108314249
mimic_discharge,Nomic-embed-text-nopfx,1,nl,30,500,-0.08447619047619048,350,0.7,0.6584314090816449,0.7385187435059938
mimic_discharge,Nomic-embed-text-nopfx,1,nl,50,500,-0.08447619047619048,453,0.906,0.8772348563464386,0.928573953406468
mimic_discharge,Nomic-embed-text-nopfx,1,nl,75,500,-0.08447619047619048,496,0.992,0.9796126401630988,0.9968847352024922
mimic_discharge,Nomic-embed-text-nopfx,1,keyword,10,500,-0.05066666666666664,240,0.48,0.43652763662029404,0.523777348120942
mimic_discharge,Nomic-embed-text-nopfx,1,keyword,20,500,-0.05066666666666664,331,0.662,0.6194419387868491,0.7020876848091384
mimic_discharge,Nomic-embed-text-nopfx,1,keyword,30,500,-0.05066666666666664,376,0.752,0.7123207803781036,0.787836411882321
mimic_discharge,Nomic-embed-text-nopfx,1,keyword,50,500,-0.05066666666666664,427,0.854,0.8203500666587293,0.882251703421391
mimic_discharge,Nomic-embed-text-nopfx,1,keyword,75,500,-0.05066666666666664,486,0.972,0.9535531794154484,0.9832491806913788
mimic_discharge,Phi-3-mini,2,nl,10,500,0.13893650793650797,343,0.686,0.6440308091059584,0.7251328328005456
mimic_discharge,Phi-3-mini,2,nl,20,500,0.13893650793650797,430,0.86,0.82683247567339,0.8876777989843596
mimic_discharge,Phi-3-mini,2,nl,30,500,0.13893650793650797,450,0.9,0.8705774917999974,0.9233228133752799
mimic_discharge,Phi-3-mini,2,nl,50,500,0.13893650793650797,491,0.982,0.9661479527879661,0.9905019149482431
mimic_discharge,Phi-3-mini,2,nl,75,500,0.13893650793650797,500,1.0,0.9923753814690964,0.9999999999999999
mimic_discharge,Phi-3-mini,2,keyword,10,500,0.20337301587301587,340,0.68,0.6378721940483771,0.7193829432804977
mimic_discharge,Phi-3-mini,2,keyword,20,500,0.20337301587301587,464,0.928,0.9019310525910869,0.9475422739464601
mimic_discharge,Phi-3-mini,2,keyword,30,500,0.20337301587301587,479,0.958,0.9366479487604386,0.9723679006652538
mimic_discharge,Phi-3-mini,2,keyword,50,500,0.20337301587301587,500,1.0,0.9923753814690964,0.9999999999999999
mimic_discharge,Phi-3-mini,2,keyword,75,500,0.20337301587301587,500,1.0,0.9923753814690964,0.9999999999999999
